,id,input,AAC,DPC,QSO,target
0,F3B38_RS06900,MAFEVIAALALPASCRVDQRVPKRMLIENGAPTAADKRLLTDTIEEIQWIAALKPNTVGIPNYRDGQREYLEVAVLSITTRGANSISADDEAAAPARMPATKMVNTARLAELVHRAVPYPVLLLLTTPQGLFLSAAHKRWAQNEAAKIVLDGEVTIVEVAVDLTPAHPFMQSVALTRQPQTTLMALYQGWLDCLTALQVSRYTGTYKVMDDPAHADARRAALRECLRLEQEATRLSVQAAKEKQMAKQVDLNLAIKGIQADLSAAREQL,0.041,0.167,0.015,False
1,F3B38_RS06905,MKMIDATSAEAQSADLTAANIMQIKALFPELITEGANGVAVNVDVLKALVGDKTATDAEEKYGLNWHGKRQARKLALTPSAGTLRPCPEDSVDWDTTQNVMVEGDNLEVLKLLQKSYAGKVKLIYIDPPYNTGKDFVYPDNFQDSIKNYLELTGQAEGGRRISSNTDASGRFHTDWLNMIYPRLRLARELLSQEGAIFISIDDNEAPALRKVADEIFGEENFVACCVWQKRYSRENRGAIGDAHEYLIVYARDFDYFQRVRGLIAPTEEQTAVYRNSNNDPKGRWRPVPMTAQGYRPNQMYEVVTPSGARHRPPEGRCWGMIEREYFKLVEQGRIYYGKDGSAQPNVIRYLTELEGLVPWTWWPASEVGHTDEARKEIQTIFGSQSVFDTPKPTRLLQRVLEIGTDPSSDDVVLDFFAGSGTMGEAVFRQNLKDGGRRRFIAVQLPEPIAEGDYATVADITKGRLRQAAKALKPSAPAGADLGFRVFSLDTSNIRAWVPNSSDLVQSLLDSQDHLLEDRSESDLLYELLLKFGLDLCVPISHQAIAGKDVYAVGNGILMACLTPGIGAAEVEALAQGIVSWHKELAPSGDTTCVFCDSSFADDVAKTNMAAILVQNGIQNVRSL,0.677,0.594,0.772,True
2,F3B38_RS06910,MKLHFEPNLDYQLQAIEAICELFRGQESCRTEFTVTMKLPDQQLTLGVADTDLGVGNRLTLLDDQLLRNLRDVQLRGGLAPSGVLASGDFTVEMETGTGKTYVYLRTIFELNKRYGFTKFVIVVPSVAIKEGVYKSLQITEDHFKGIYAGVPVDFFLYDSSKLGQVRNFATSSTIQVMVVTVGAINKKDVNNLYKDNERTGGEKPIDLIKATCPIVIVDEPQSVDGGLTGAGKTALDAMNPLCTLRYSATHANKHHMVFRLDALDAYERKLVKQIEVAAATIEDAHNKAFVRLVSVSNKRGSISAKVELDVKTATGVKRQEMPVSDGDDLQQTAKRDIYADFRVGEISTAKGEEFLELRYPGGETFLALGQAYGDVDAMAVKRQMIRRTIREHLDKEKVLRPKGIKVLSLFFIDAVERYRQYDAKGNPVKGDYARIFEEEYRNAAKLPAYQSLFAEVDLIHAVEEVHNGYFSIDKKGGWSDTAENNAGNRDNAERAYNLIMKDKEKLLAFETPLKFIFSHSALKEGWDNPNVFQICTLREMGTERERRQTIGRGLRLCVNQHGERVRGFEVNRLTVIATESYEQFAENLQKEIEADTGIRFGILEQHQFAGIAIKGDDGTLSPLGVDQSKTLWEHLKAAGHVDAKGKVQDSLRLALKDGTLALPAVFDAHRGQISEVLRKVLGRLEVKNADERRAAPLRKDKDGKAVYLSDDFKALWNRIKHKTTYRVQFDNAKLLQDCIAELKKAPAIAKARLQWRKADISIGQAGVLATEKEGAATVVLEEGDIELPDLLTDLQDRTQLTRRSIIAILTGSGRLDDFKRNPQQFIEQTAEVIIRCKRLALVDGIKYQRIGDEHFYAQELFAKDELTGYLRNMLLDTKRSIYEHVIYDSNTERDFADALEKNHGVVLYAKLPSWFKVPTPLGPYNPDWAILFDEDGTQRLYFVVETKSSLFTDDLRRKEDAKIACGKAHFAALGVGENPVHYLVATSFGDVLKTME,0.058,0.135,0.29,False
3,F3B38_RS06920,MINDVHEPLEQYSFHFKNAHASNTSDFFEDLVRRSGVDENANITTVQELRVLEKQAAGAGSSNKWWRILRGASIVAALLAAIYIYAYHAWPWLMVPAIALAVAIPTLNRIINDSDAQLKRLQKACDEKRAVAWGQMVPLNSLYDWDIVAKLMQQTVPRIAFDPYFSNGRMEELRNSFGWYGNLGDNHSIEFSHSGVLNGNPFILARTLSHSIGSKTYHGSLAISWTEQYRNSQGKSETRTRHETLRASIERPLPEYENQTFIVYGNEAAPDLVFSRHPSKLSRLEDGFFDKWRKNRAIKKLEEKSRDVDEGHNFTVMANREFDALFDATDRNHEVQFRLLFTPLAQQEMLKLLKDSQTGFGDTFVFEKTRMINVLESGHMRATDISGAPEKFFAYELAQARMFFNAYHNDFFKSFYFGIAPLLAIPLYQQHRPHSDIYQDTYSHKPCFWEHEAIANYHGEAMFKHPECVTRSILKTTMHQEADGSQKVHVTASGFRSVARTHYVSVRGGDGRSHQVPVHWDEYFEVENSASMLVKETASPGNTATDDVALPPAFSQRGIDAERTVLRRSILSAVLAG,0.764,0.792,0.653,True
4,F3B38_RS06925,MANDLDEVTGPINEQGRDINVISKQISVQVGTGSLIFEIALWAVLPLIGGLALLTGALPQTYGLALLVLGALPGLVFLFMKISALAYLRKLQQKIQADASQIDNYLEQRVVVLNNVVGLVAKAIDLDKDVMKSVAAYRSGHNADAERNQASQKIDGIFSRISLACEAYPDLKAQAVIADAMRQNSYLQKEVTAARTLYNDTVGMWNQDVFAWPTKQIVAARQGYTTRIPFTASAETKAAARSVFF,0.025,0.035,0.032,False
5,F3B38_RS06930,MSQYQDDIKTVAGLKDQQGSAWNAINPESAARMRAQNKFKTGLDIAKYTAKIMRNDMAAYDADPSKYTQSLGCWHGFIGQQKMISIKKHFNSTDRRYLYLSGWMVAALRSEFGPLPDQSMHEKTAVSALIKELYTFLRQADARELGGLFRQLDAAQGDAKQAIQAKIDGHVTHVVPIIADIDAGFGNAEATYLLAKQFIEAGACCIQIENQVSDEKQCGHQDGKVTVPHEDFLAKIRAIRYAFLELGVDDGIIVARTDSLGAGLTKQIAVTNEPGDLGDQYNSFLDCEEVSADALGNGDVIIKREGKLLRPKRLPSNLFQFRAGSGEERCVLDCITSLQNGADLLWIETEKPHIAQIGGMVSEIRKVIPNAKLVYNNSPSFNWTLNFRQQIFDGMKAAGKDVSAYDRAQLMSVEYDQTELAIAADEKIRTFQADSAREAGIFHHLITLPTYHTAALSTDNLAKEYFGDQGMLGYVAGVQRKEIRQGIACVKHQNMSGSDIGDDHKDYFSGEAALKAAGKDNTMNQF,0.611,0.552,0.595,True
6,F3B38_RS06935,MPTSDTAASNAATRPLTQQDYKTLSLAALGGALEFYDFIIFVFFANAIGQLFFPPEMPEWLRLLQTFGIFAAGYVVRPLGGIVMAHFGDLLGRKRMFTLSILMMAVPTLLIGLLPTYATIGLAAPLLLLLMRIFQGAAVGGEVPGAWVFVSEHVPSRFTGFACGVLTAGLTVGILLGSLVATGLNTVYTPQEITDGAWRYPFLLGGIFGFGAMYLRRWLHETPVFAEMQQRKALATEMPLKSVLRSHRGAVVVSMLLTWMLSAGIVVVILMTPALLQKIHHIAPRTTLVANTVATLCLAFGCIIAGMLADRLGGKRVIFVGSVLLAISTYLFYTTVGSRPDLLLPLYAMTGLFVGVVGAVPYVLVQAFPAQVRFSGLSFSYNLSYAIFGGLTPVVVTLMLKNNVLGPAYYVIGVCVVGMLTALFIKDQRQTVGR,0.024,0.026,0.009,False
7,F3B38_RS06940,MHIMIVGASRGLGRALVDGMLADGHAVIGVSRQQPADLPAGQGTQLQWIAANLAAPAEAVERIARAAPAALDAVIYNLGVWEEKAFSDEYAFLGDADDAIVDMVNTNITATILLLKRLVPRLLASSKPQLILTGSTSGLRQSGRPEVTFSASKFALNGIADALREGFREQGLAVTALQLGYLNTYDGLSVPLADASARGEGELIPVHDVVAVVRTLLSLSNASFVRELVMPALRDERF,0.053,0.091,0.019,False
8,F3B38_RS06945,MLLSLDDPLWPTLEGGYRVPYDVAEALKAMQAGEDVWHELWEELHHQGDVGVASYAAVPQLVHMLGGAESREEDFYALIALIEIERHRQHNPPLPDWLADSYRDAWAQLPAIAARDLQGQLDPVMLESVFAVLALAKGKLRLGAALMHMDSSEVDEWLEEHLGWSEVYGKDA,0.262,0.261,0.123,False
9,F3B38_RS06950,MRASHNHQGAIDGERYAGIMPGHAGGAGYRLFLLPGEADALPWQAALDWAAARDACLPTRSELALLHANLRHVFPDAWYWSSEADAILPRMAWSHDFDNGTQYNFRKTYSGRACAVRRVALPPSAAAPVPLQQGERYAGLILGTDDAPDYHLVLQPDKFESEYNSWQAASDWAASLGHSLPDRREQTLLYATLKDAFRPNWHWSSEWGDIKDEAWCKDFDTGVAYQNAREFDGYARCVRRVLV,0.83,0.95,0.756,True
10,F3B38_RS06955,MSVYAITIPCFAQMLRSLTTLLNKGEERAQTLGFDPQNLLDARLAPDMHTLARQVEFTCTQAQEAVCRLTQQALPLLATPANMPQAKVLIDDTLAMLASADRAAIDAGAQQPVSIALAGGLTFDMTGQEYALNWATPQFYFHLVTAYNILRHNGVPLGKAEYVQHMFAYARQP,0.299,0.246,0.193,False
11,F3B38_RS06960,MGNIVQDDDTSTPPDEAHRRFQRYCAMLDALTGTEGAQFALAIFQSVQAEHDYGAYQTANRAAWRFGETVYCTALLQELPRLIASLPDWAGEFLVGIANGAGTPSASTITCFNTVLATAPPAHQALIAAFIAQEEDDGWFDHCPGVLGHPSRPGAFPLPVNITT,0.738,0.775,0.601,False
12,F3B38_RS06965,MNSRILFYALAFAALSACGGGSNDAADNGGVVAPPVTPPVTVVNTQPVAQAGPTQSVVVGSVVTLDASTSSDANGDALTYKWVMSSKPVTSAAALDSLSAVKPTFTADVAGTYMATLQVNDGKISSELSSVTITASVANAPPVANAGHAMTIVAGMGIMLDGSASSDANGDILTYKWSLVSKPAGSTARIVDANSVRPYVDVDLPGAYELSLVVNDGKVDSAPAFVTTTAVVGNVRPLANAGVAQNVLKGSTVILDGSASSDANGDALTYYWTLTYRPVGSTATLSSATLVNPSFIADKAGTYVATLRVWDAARMSDSMSVTITATSTNAAPVANAGVDQRVQASAYGVTLDGRGSSDADGDNLSYKWTFISVPANSMLQPFPGEWDRSQTVSRFWANVPGTYVVSLVVNDGTVDSAPSTATIIATASSTNVEPRANAGIDQFVAPGTTVRLTGLGSTDVEHDVLTYRWQLRSKPAGSAAVLSSLTAAQPTFFADMAGSYVATLIVNDGSENSREDNMAVTATPNLLNLYQVQDNGAGPVDTKAGLPYLANATVHKSCSGSCAANFTVDTFKVAAAGTSFMITHVTAVDSTGKVVPAIVGLVSGQVIPAGSSATFSLVSPKTNSATAKLTYKFFVAETGQSFVYNADFTSN,0.287,0.977,0.657,True
13,F3B38_RS06970,MPTWTSPPQLVALAAFYAQAQAHPETLSDAVFLENVKNAHWPTNCWNYAEASFAIIAPACLLRPHLTAELIALPIDAMIAGGLEDAGQVIAIGLACATRDAPYVAVSEEGKRWLTQVWPTLGELAGAVFRARLQAALADED,0.189,0.131,0.125,False
14,F3B38_RS06975,MIAGNFFPPDYKTFPFEQGDLLLSQDEGGKFSVSKVLKIDTVEVGRGEAIYMGGKDIVATEDDYLLIIGCAYGEYEFDSAEEAQAAALDGSWTVRIGHAPNRSPGAAEGQSLIGHEAVHESELEGYHLWKEAFDAGKAGVF,0.298,0.683,0.464,True
15,F3B38_RS06980,MSSTLQTYGSLMLASRLRRLSDQLYAGVDTSYLAAGVELTSRCFPLLLLLRDNGPTAITALAAQIGQTHPVVVQLGRKLLDAGVVAEMPDAKDERRRLLALSDAGQALLRNMAPLWDDVRAAVDVVFEQGAPQLMASLERAEARLQSQGFGETIAACRRQRERAAVEIIDYAAPYAADFKRLNIEWLERYFYVEALDDKVLSDPQRSILDDGGQIFLARLDGKIVGTCALIRAGDGSIELSKMAVTPECQGLGIARRMIERAFDAFEASGAQRLFLESNSKLAPAIRLYESSGFTHVARPAGDAHYQRADVYMEWQGR,0.23,0.346,0.063,False
16,F3B38_RS06985,MPFPQLIVPPEPTQARSKLAFERLLLVGEQLLAENRFDEIGVADLAKLAETSVGTFYRLLGDKDTLSRLLLQRFFSDMVEKVETLTELRQWEGRSLEEFIRAMVAMFVAVNMGRRGVLRALITRCSQDAQFRDKVHQINHLISQRTVAVLASKSASIRHPNPTQAMMVVPPVLLGILNQHVLSGSLSFLSAAALEDELVRVALNYLT,0.016,0.03,0.008,False
17,F3B38_RS06990,MRRHTTSDVPLHYLDLDPGTETGQGDPVFLLHGLGSCAEDWRPQIDALSLSHRLIVPDLRGHGASPAPNGDWQIGDFANDLFNLMDQLDVPRAHIVGFSLGGMVGLEMANRAPGRVASLCLINSQPFQGSKPAALLFAYWLRRTVIATFGLKAMGKIIGKRLFPDPVQQALVERFATQMAGMDKRAYLAALDAIFHWDIDIHFQALAMPVFIMAADQDYTPVASKRAFAAQFQQCEIEIIANSRHATPLDQAQRVNTLLQSFLTLHSK,0.279,0.19,0.24,False
18,F3B38_RS06995,MPAALAVAGAFSFSTQALAQEAATSGAASAQSASEASDAKERMETVTVSARRREERLQDVPLAVTAFSAKALERANIQNLADLQERVPNLTVYASRGTNTTLTAFIRGVGQADPVWGVDPGVGIYFDDVYMARPQGALLDVFDVQRIEVLRGPQGTLYGKNTIGGAIKYISRPLAKENGASAEVGIGNYNQRNFKAAFNVANENGTWRARLAAAKLDRDGFGRNTFNGEQVSDQDSTAARLSVGYFPQDIPLTVVLSLDATDDKSGVRGFQRMGVSAFDPLKRPASTDAYDIQSGMPGNNFTHNRGGSLVANYTLSNDWSVKVIGAKRRSTSEQTIDFDGLPLPIADVFGDSRDEQKSLELQASYSGDYGAGVIGLYRFEGTAGGGIYNNFLGRQFTAAVSTVETDSTALYTDWTWPLGKVWSINAGLRHTREEKRAIVLNRAFADVGFTRPIQTAADFDKSLSVSNTSPKLSVRYEASKTTNFYSNLSRGFKSGGYNVRANNLVVPDSARPYKDEKLDALEVGMKYAAPDDTFDANVALFYNRYKDIQLSVFTSYVQPGGVPGFYGDFTNAGKATVKGAEFEFSWRPNRQWEVNGFLALLSAGYDEFMSGGKNIADTQKFSNTPARQVGLNLTRTDRDVFGGALRSMVGYGYRSKVYPTTDLSETLAQGGYSIWTAGVVWEAPKNWTFSLHGSNLGNKRYRTDGYNIPAVFILDGFYGPPRQIIAKAGYKF,0.822,0.971,0.956,True
19,F3B38_RS07000,MAHLNQQLRHLLSALIAACGLLAALPAAAGQWDFGLYASLWGTREYQVWLPSNYNPNTPLPVVLMLHGCGSEPNSMAAVSRYNQLADSENFIVVYPRQNATANPMRCWNFMLPLNQERGTGEPAVLMGILNKVKNKYAVQDSRVYVTGISAGGAMASIMAACYSDVFAAVMVHSGGMYKGAIGMVTAADSLFNGSSFDPKVRGKDAWRCSGSPRRLMPTMVFHGTSDIVVNPVNGEQTIEQFLQTSDYGDDGLDNDSVRYRADSIVRQTVPYGRSYSIDTYLHNGAVIAQKYTVEGMNHAWSGGPPGWPFSDELGPDATVISWNFFKNYQR,0.938,0.908,0.856,True
20,F3B38_RS07005,MPVCRLLSYLALALLSACASVGPPAPSAAYAQAFERAAQQDSMRSECDWNVRYAPVAAKDASVAQLQAIATARLAALQLAPAWTLSMPGSEAHAFTASEEDRAGLQLLLSIVLPAMERYPAGVFARTGLRHVVLVKDLSVDGQRRLAMPAPEIDSVVYADNLLAALCPSGMELRVHHEYYHFIEYRLFNDFYYRDPAWLVLNPPGTAYGQGGATAYGKGFQNLGHPQPGLVSLYAAYGPEEDKAEVFGWMMTPAYALRLERWTAFDPALLAKREKLREVLGTLADSY,0.561,0.58,0.726,False
21,F3B38_RS07010,MDGDESISGAQLPLRLRLGVSPKIPAGVLIPQRIAGREAICGGIEYRVLCVSTHADLPLSSLIALPAALDIVTDQGQLRSICGIVAQASAGDSDGALASYQLVLTDAFAIMEKRCNTRVFRRLTDIEIVKTLLDEWIRSNTVLAHAFQYAFADFFEAQAYPQREFVMQHNESDAAFVRRLLKRSGVAWFFCAADNTDAHAEPAHTLVLFNHADGLRKNMADTVRYHADRATEQRDTLTSWSEVRKLQAGKVTRHSWNEEHPRARPFMTADALGRGQQGMHGNAIAATLDDYRVLPPRAGADHDALCQLGMLAMQQHDYESHCFHAEGSVRDLCPGEYFSLTEHPDIDALPVAERDFVVTSLQVAAQNNLPRELAARVARLFARNRWLADDGSLPQRELAAAVDDGPLRMHIELAAVRRGVPIVPAYDACIDLPPVPMQSAVVVGPANEEVHCDAMGRVKVRFPATRTLDHEHAGGTGASDTDADSAWVRVASSWAGNGPGSMLQCGYLGLPRVGSEVLLAFLGGDPDRPIIVGQLYNHNAQPAALSKAGDLPGNRYLSGMKSREIKGTRGNQLRFDDVHGQINTQLASDHGSTQLNLGWLTQDRRNGQGDARGEGAELRTDEQLAMRAGKGMLISAWKRLNGDGGHMARSEYLGLMENCLELFRSLGSYAATHQALEQEDHAQQELQHSLKGWEGGSNTAPRAELGGAAAIAVTAPAGISFASSTAIVSYAAGSIDTVAQQHLQAVAGQRYSVNAGKGISLFSHADGIRAIAHHGKFLLQSQHDDMEINAAKNLKLTASEGKVIGMADEIVLISKHGAFIRIADGISFGSKSPLQFNAPNFVFNDPQSMAVQLPSFAEGKADQQFIFQYAGDDSAVDGVPPAPQLAPQAHFAVKLGDGSAADGRSDGSGKTDVLERAAMHLAAIEVFNNKD,0.898,0.843,0.921,True
22,F3B38_RS07015,MGSYPKVPYVVGEDVAILHCERSVCKKVKIRRNLPGNIIVIHGVNDVGVSYKAVEHGLCEGLTQRLGRGFTPASYRMPVAADKDKLEDDPDAVFFKRTIDKDTDSPVIPFYWGYREVEGKTSSVNGQFVDRYGNRLDKDLSKEGGPFGNATSNLPDMWRPGIYAPADPMGDALRPLRTAPGRMYMVLAAQRLAALIAMIRDYDADDTVSIVAHSQGCLLSLLAQAMLMEKGLAPADNLILTHPPYSLVDSLPLLMRGAAWFDGGEDAAMKPYYHLLSGAQTLGARLKTLVNIVAGVAKGNGQPCMPPFADLKKDEHRGMVGGRWQSAEDCDNRRKVYLYFCPEDMTVALDNIQGIGWDGVPDYASGSELIEEEETSSLDGYSISSGHTKMVERKQVRGALAELGGRFYQRVFSNKTRLDPATGKTTVSLVGKPPPFDFPLRLATESEQSHVEVSLRNHRALHKAVAWPVNTRLSKVEQRNGVRTITGEALKQPVPADLRGTSQIDPANIPTTSMMRNRKPEDQGPVEEVDPCDASVAPTSGSGMQIRSEYRPDPGGYQKFPEREEYLSQRELALMTASYNKEKGLHVKDKRDQREVVSAKRYPDSKVVAQIQESPNESRLRWQREVSPRSFHSSIIGSAKNHSQVTAYDVAIGSGKASSDPQFYAYLCAVADWRVKILKKGEQPRDGILLTHRFRALYSSYLDVEPAWRQAIIEGNIGYYNSGSLPAGLPLLSGALWKIVVSQTKNMKIVAEKKISSVSKTHR,0.922,0.924,0.887,True
23,F3B38_RS07020,MMMLRWLGISIVVVIVFAGWLWLGAASKSQAREIASQLQAQQKKLPLELGREYVLEVIGFGVTLDKYRQGKLWETLQKGSAYTSIREQDPTKYPWKGMDKDGQGGGRACDALENGVNFTPMYWGLPSFYAGSPILDPDEQPSLYEPMAGLVAGASTIGLPAHLFSIGPWKLDERPDRLLIEVFEFFDQHPELPYVVVHSEDSLGTRDGGRKPGDAMKLKDGYYVPEMPDTTAVFVLARRERIDPLRPYVWEDPENKFVQGQFKAMYYDLKSSLARPVKSIWSSFSMSRQPTVAEWLAAAAAFAQRPDIRGVGLHTFDKLNPWENRPPRDWKPTPWFPIPWNREQMETFDRLPSFGFVHRPVFVQFADEEGKPVTRRDQRQKMFNAGWQQALQTLPEAERGKGAARVVAGTGNQPEQLLMLESMLHDYASQGGPEIDSSKSAQFINTDHRLGNTGAATWFMQMAIGVMGSYRDGGASAAINLRDNNEASIIFITPPSDAKRRQQDANGDIFRSRVTPAVDPANYAAPSVEAILESQAGQ,0.863,0.81,0.927,True
24,F3B38_RS07025,MRKVIRLGDATSHGGKVLSCAATHFTVNGIPVACVGDLCSCPIKGHQGCKIASGSSRHSINGIAIAIEGDTTTCGAKLLAGGATLRTS,0.184,0.344,0.418,False
25,F3B38_RS07030,MPGYFVRPLALCVVSAMCLPASAAEAVAVDAQQRASLLEFYAQQYPGEPAARTVFESVPVVGGRGSEVVGSVETSPYRGHGALCRTQRTKFVLHGEGKQARWQEAGMEYYAWLDRGTCRAVAEPMRMLQRVPDAELEGVLLYQKPLLERARLLMAGNTACAPLRALKFTLAAVDVGAAAPRAEERYALVFKSDRDSYARVWLRKSGAQYDAWNVTCPPVL,0.265,0.536,0.136,False
26,F3B38_RS07035,MNENSTSARSWGTIVTHSDEMAIIYRYVDAFHDDWDLSSQPDRIIIAWRYEDETGMPAPNEREHMEELEAALAPVVEEGGFATLALVSTGENLREWIYYTQSGEEFFNRLNTALAPRPKFPIEIRSAADPAWSTYAGFMAALPK,0.25,0.748,0.55,True
27,F3B38_RS07040,MTESLNHVRRNLLLAGGAALLCPAPLLFAAPATSIAAAQTQLAALEKAAGGRLGVAAWRQGSDLRVAYRADERFPLASTFKAMLAAAVLARSVSQPGLLDQHVRYEKKDLVTYSPITEKHLADGMTVADLCAATLQYSDNSAANFLMTLLGGPQAVTAYARSIGNTVFQLERWETELNSAIPGEVRDTASPASMAHSLQQLLLGNSLPAPQRQQLDAWMRGNTTGDKRIRAGVPAGWQVADKTGSGAYGSVNDIGVAYPASGAPLVIAVYYTREQKKADTNQDIITAATHIVTAALA,0.644,0.78,0.715,False
28,F3B38_RS07045,MRGTCASDGAGNVIALSGISLDLTTSKQNEETLRLTLAAGEVATWNWDIVADRVTADSNMARLFPVNADAATAAPLARYLDLIHPDDREQVSAQITQALHAHTPFEASYRVGDGDGQYRSVIARGRAEYAPDGTPLQLPGVLLDITRQKQVEDALRRSEERYRTLIELMDQAFCVIEMLYDEQGRPIDFRYLEGNAAFVKQSGLVNAIGKTIRSFVPDHDQHWFDLYDQVVKTGEPVRYENEAVAMERWFEVFAARLGGPGSRLLTVLFSDISERKRSEQQLRQLADNLSEMDRRKTEFLATLAHELRNPLAPIRNGLQIMRLAADKPATVARVRDVMERQVNQMVHLVNDLLDVARITRGQIELKLERADLKTIIAGAVETSMPLIEAGRHQLQVQLAEEALPLEADPTRLAQVLGNLLNNAAKYTPAGGHISLRALRDDNEALIEVKDSGVGIPAESLATVFDMFTQVGQNMGRAQGGLGIGLSLVRRLAELHGGSATAASPGAGLGSTFSVRLPLLEEEAKAPAVLAAPANTTSGPHFRVLVVDDNVDAADTLAAVLDMMGHAAQVAHDGAQALALVPQFLPDVIFLDIGLPGMSGYEVARALRRIPAGANVVLVALTGWGAENDRSQSSAAGFDHHLTKPANLLAIGELLAALPTPNTPTNHD,0.139,0.246,0.174,False
29,F3B38_RS07050,MIKMSKMHKRLCAKSAAMLALSAALPIGSAYADEVAADTTPAASQLETVTVTAQRRKENIRDVPVSVSLLRDEKLDVLVSSGQDIRVLAGKVPSLNVESSNGRTFPRFYIRGYGNTDFNIFASQPVSLIYDDVVQENPILKGYPIFDVAGVEVLRGPQGTLFGRNTPAGVVKFESVKPNLDKVEGYYNVSAATHNTTNFDGAVNVPLSKEWALRFSTLRQHRDDYVDNTFTGQKNALDGYNEHAERVQLLYAPNTTFNALFNVHQRNTTGSARVFYANMIKQGTNDIVDGFDPNKSFTNAPNFQRLRTNGASARLSWDLDGIKLYSITGFEQVGNYVSHGDIDGGTPTGPGFIPFQVETAGGITSVKQYSQEFRAESKNAGPLNWQAGVYYFNEDANGFTDNFNTDTHVLTTHLASRQKNSAWATFGSVNYAVSDDFMLRAGLRYTKDKKDFNTVEATSIVQVNPTSADVSKAKVNWDLSGTYKYNKDVNFYGRVATGFRAPSIAPASTSVPVTVADAETITSFEAGIKADLFERRARVAFSLYNYQVKNQQLTVVGGTSNVTRLINAAKTNGRGAELELEGFVTPSLKMSLGGSYNFTEIKDPSLSIATCAQTRCTVTDSLTTGNRAIIDGNPLPQAPKWTITATGRYSIPMENGEFFVFTDWAYRSKINFFLYEATEFTGKPMVEGGLRVGYTWDAGKYEVAAFGRNITDTQRITGAIDFNNRTGFINEPRQFGVQFKGNF,0.831,0.942,0.903,True
30,F3B38_RS07055,MLLSTAPYIGRFAPSPSGPLHMGSLVAAMASYLDAKVHRGTWLLRIEDLDYDRNVEGAYLGILASLQRCGMYWDGEATWQSKRLPLYEAALKQLQDDGLLYACGCSRKEIQDSNLQAGAPKNGAAVYPGTCRHGLAPGKAARALRLRVPKGADAVYAFADRWAGPQRQDLAGEVGDFIVLRGDGYWAYQLAVVVDDGAQGITQVVRGADLLDSTPRQLYLQDVLGLPHPGFLHVPVVTNDSGEKLSKQTGALAFDTASNAADLLASALQPAARFLGLDVRADKVEDFWQQAIPAWAQRLAQLPEHP,0.873,0.552,0.637,False
31,F3B38_RS07060,MPRTQRRRHASVIQQLLDAPQRFECFQALRLLLAWLAEHGIDEHTALAKHIRFDNSVSLRFPASQVETLTANSIGDADALLQALLSGHGQHIHLTPTFMGLLGCQGSLPSHYSERIAAHQHSERENSPRAFLDLFSSRTVALFYQAWRKYRIEQAGHSGDFLSRLLALAACQPGQDQGQDVAAAGLYSGLLQQHNISSIVMARILGDHFGVPCHIDEATGAMDMLAPREQTALGMENAMLGQRALVGERCRRPDLAVRLRLGPLTAQQHASFLPRAPGSHALRHMLMLFGQPLVRYDIVLVLRASDVRGTALTTSPQGGLGCNSFLGSAATPCHRDDKHYEMQLMPSFND,0.519,0.582,0.445,False
32,F3B38_RS07065,MEQLLPYYERELGLFRQYTREFSSRYPKAAGRLLIAGETCEDPHVERLIQSVALLTARVAKRLDDAYPQFTHSLLDTLYPHYLRPFPSCSIVRIAADEAPGGGQLDQVAHVARGTVLRSQPVQGVACKFTSAYDVTLVPLAISRLHFSPVIDAPPGLRLPAGASALLSIQFTSSSDNYHLDQPGIARLRLFADGEPSVRAALLDALFLRGAGAYVALDEHSPWQAVDGTPLAPAGYAEDDALIPISARSHPALRLLTEYFAFPEKFHFIDIGWSLLTPLLPKQCRQFTLHLPLKGVRSDSHEARLLSGVSRDNLLLGCTPVVNLFAKSGVPIRLTHTEPDYALAADATHAFAYDIHSIEAVTVVRKDETGERLSSFLPLYASLQGAQADYGQERGQEHGQYWLARRDETVAAISPGHEMRLSLIDPQFSPSSAACATVSTQLLCSNRDLPVQLHYGLPGGDLLAEDVPDGIPARFLRKPSPSMRFLADTHWRLIAHLSLNYSSLTQAGLGEFQKMLSLYDLPRSPATQRLIQGIVTLEHGSTRAWMPTLPFPTLMPGIAIRLGIDEQAFVGSSIYIFAQVLQRYFALNSQLNCFSQLTLLSHRSGEELLRCPERSADATPA,0.724,0.608,0.605,False
33,F3B38_RS07070,MGATAQAAEWSDTALSWRAGNDYREPFNPDDIKKNIFAITHASGYKYGSNFVNLDFLMSDSKDPGALGKTSGAQEAYLVYRNTIDIGKVRGSDIKFGPVRGVGVTLGFDVNTKNDVGYNSRKRMLVAGPTLMWDVPGFFNTSLLLLRESNAPSGAFPPISQVTGRYTYKTHAMLTGAWAIPLSPLFSFEGFFNLIDSKGKDEVGRDTAVETNIDMQVMYDVGAALGSAKNTFRVGLEYQYWKNKFGNSPATTGNVGQTAKTPMIRAEYHF,0.89,0.947,0.952,True
34,F3B38_RS07075,MTARLELIDISKRYPAVVANDGICLTVAPGQIHAVLGENGAGKSTLMKIIYGAVQPDGGRILWNGREVEIANPSAARALGIAMVFQHFSLFDTLTVTENIALGLPAGTNMAELAQRIEATARQYGLDLEPQRHVHTLSVGECQRVEIVRALLAKPQLLILDEPTSVLTPGAVEKLFTTLRQLAAEGCSILYISHKLDEIRALCHTCTVVRAGKNAGVCDPSQESAASLSRMMIGAEPPAVTRVARTPGAAMLSVKNLNLPKSHPFATQLTDISFDVRAGEIVGIAGVSGNGQQELLAALSGEDMRAAVGSIVLNGTPAGRLPPGRRRALGFGFVPEERLGRGAVPDMALADNVLLSLQTPATIRHGFVRHKVIAQRAAAIIARFQVKAGGPQALARSLSGGNLQKYIVGREVMREPTVLVVAQPTWGVDVGAAAQIRAELLALRDAGCALLVVSEELDELFDISDRLLVMAKGKISPSLDVGEASVSLVGQWMSGLWPQEAING,0.021,0.079,0.028,False
35,F3B38_RS07080,MAKFALRLEARPSPSRLMSWLSPVLAVLLTVLCGALLFLALGHDPLAGLAVFFVEPLRDAHGWSELGIKVAPLLLIAVGLAICFRANIYNIGAEGQLTLGAICGGAAALYLDDGVGSIAIIGVSLLAGMAGGMAWAGLVAWLRDRYNASEILVSLMLVYIAQLLLSYLVYGVLRDPEGFNFPQSKLLSDGLLLPMLISDTRLHVGIVFALLASLGGWLYLSRSIAGFRLRVGGMAPAAARYAGFSSRKTLWSSLLICGALSGLAGACEVLGPMGQLTPTVSPGYGFAAIIVAFVGRLHPVGVIFSSFVMALFYIGGELAQSRLGLPSAITGVFQGILLFALLACDVLIQYKLRWRKHG,0.104,0.056,0.022,False
36,F3B38_RS07085,MDNLLLTIAPLIAASINAGTPLMLAALGLLVNEKAGVVNLGAEGMMLVSAITGFAVAVNTGSPTLGFLAGAGASMLLSGFFAWLTVWLGTNQYATGLALSLFGAGASTYIGLKYVGNSLQNGRFGIPFLEDIPVLGPALFRQHPMVYLSLLLCLAIAWFLYRTRAGLVLRAVGESPASAHALGYPVRRIRLAAVLFGGACCGLAGAFLSLVYTPLWVEGMVAGRGWIALALTTFATWRPARVVGGAYLFGGITILTFHAQALGVPIASQLLSMLPYVAAIVVLVLISSNANYIKLNMPASLGKNFNPGN,0.18,0.02,0.071,False
37,F3B38_RS07090,MSKKLVCAAVCSAVLMPVMAAAPATAPLNVGFVYISPIGDAGWTTQHDLARKEMEKALGSKITTKYVENVPESADAERVIRDLAQTGSKLVITTSFGYMNPTLKVAKQFPNVKFIHLTGYKTAVNVANTNARFYEGRYLAGVLAGKMSKTHVAGYVAAFPIPEVLQGVNAFTRGMRSVDPKAEVKVVWVNSWFDPGKERDAAITLIGQGADVVTHHTDSTAVVQAAEEKGKYAIAYHSDMKKYGPKAQLAAVTHHWGDYYTKQAQAVLDGTWKSSSTWGGIKDGMVKLEGINAIVPADVKQFVLAREKDLVAGKLNPFSAPIKDNDGKVRLDKGVLDDAALTKMDYFVEGVAGKVSGK,0.191,0.705,0.173,False
38,F3B38_RS07095,MDRLEVFKIIALQASKGELTFPANVKATLKLQEALDDPDCHIEAAARMVMAEPLLSARVVALANSAAYNRSGNEIANVRAAVSRLGFATLKSMVASVIVRQLGSQITDPQLRAKAAKLWEHTAHVAALSQVIAKKVTHVDVETAMFAAIVHEVGGFYLLSRAEEYPGLLDDNTEDWIEYGEKLIGRGVLRQLQVPDMVLQAVEGMWHGGSTFPPRTLGATLVLANDLSPVGSPLHPPESAARRQAAAKIDFGIGGSTLHTILEESAEEIESLAAALLV,0.032,0.043,0.005,False
39,F3B38_RS07100,MQKLFSSLAVTALASSLALAFSAHAATGLPVVQEAPLRAHLAFLSNDLLEGRGTGQRGADLTVAYLETQAQMAGLQPVRGNSYRQSVQIAGVKSLPQDSSLQAVAGGKPVPLAFGPDWVWATGDSVAAHTFDAPLVFVGYGITAPEEGWNDFKGADVKGKIVVMMVNDPQPTSAEPNRFAGKALTYYGRWTYKFEEAKRQGAAGVLLIHTKPSASYDWSVVQNSWSGSERFQLADRTAGTPLQGWIAEEAARRLFAAGGQDLDALRAQAENKDFKAVALDAKLSGEMKSAVRKVEQFNIAGMVPGTDPVLKDEAVIYSGHWDHLGKQGDSGDTIYNGAVDNASGTAGLLAMAQEAVKKPAKRTQIFLWVAAEEQGLLGSAAYAADPLWPLNKTAAALNLDSLNFVGATHDIGAQGSERTELGAMAATVAKAMGMHIAPARPDLAGGYFRSDHFSFAKAGVPAFSINGGREYIKDVAASKAKAAAYGPRYHQVTDEYDASWDLSGMTQQAQFTLNLGQAVANGAKMPAWKAGDAFGKAREPAK,0.946,0.88,0.905,True
40,F3B38_RS07105,MKSAPSTVDASALLTSTRILLFALSAGVLVASLYYVQPLTSILAASFGVSVPQAGYLVTATQIGYVLGIVFLVPLSDVLNRRQLLTWMLIAKIGALLLAATSQNIIIFAIASVLMGITSSALMVVTAMVASYAPDHSRGRMVGTVMTGLLLGILLARTVSGTVSQISGGWRTVYVLAAIVVAALLVMLRRILPNEAPRGKLQYGKLLASLADIIRQEPLLRQRALFSGLGLGTFSVFWTGLTFLLSGAPYHYSEMQIGLFGLAGATGAFAANTAGRMADRGYARQATWLLAVASIAGWALIGFGAHSLVLLLIGIVLLDMGVMGLQVTHQSIIYKLAPHARARVTTVFIAGGFIGASAGSALASASFAAGGWPALCMVGGAMPLLMLLVWSKYRHTQRRLERAAQASIT,0.087,0.019,0.05,False
41,F3B38_RS07110,MIPFSILDLAPIAEGSDASQSFKNTLDLAQHGERWGYNRYWLAEHHGMPGIASAATAVVIAHVAAGTTTIRVGAGGVMLPNHSPLVIAEQFGTLEALHPGRIDLGLGRAPGSDQTTARALRRDLQSDAEQFPQDVLELIDYMSDEPRQRVLAVPGKGAKVPVWILGSSLFGAQLAAHLGLPYAFASHFAPQMMLQAVAYYREHFKPSKQLAKPYVMLGFNVFAADTDAEAHLRATSMQQAFVNLRTGRPSRLQPPVPGYLEQLGPQERAMLDSVLSCTAIGAPDTVKAKMAAFIAETGADELMITSQIFEHQHRLRSYEITAQVHAELARAQ,0.622,0.139,0.135,False
42,F3B38_RS07115,MFKKPILLTLIGLLLQPSVHAAPISLQAQETARYALATYPEPLIASLAKMVSFNTVADPAVPFAANPQHTGFKRYLASEAQRLGFDFQEHGHVLIIGMGSGSERVGVITHGDVQPVNPAKWARSPFELDRTSEPGKLLGRGTEDDKGPIATALYAMKAIQDQQVPLSKRIELYVYMAEESDWEPLKQFLKTHTPPQVNITIDAEYPVVTAEKGYGSIKLTLPPRTAMPAGKGPVLTQLTGGFFGSQIPEDAQAVIDHAPAELEAAIRARAQQQQGVRYSYARDGGTLTVTALGVSAHSSKPEDGVNAISMLADALAVQPWQGTQAADMLSFLNELVGTGIYGERFGQIAYRDGFMGPMTVAPTVLKQNGGALELTINLRRPQGKTAAVLQQQVTAAFDGWKARRHVPATLQVQIGEPWLQTAAPQIPTLLSVFEHYTGIANPQPVAIGGGTNSRLFPNAVSFGPAMPHTVYTGHSEHEFITEKQLLLNLQMYTAVLIELAK,0.601,0.475,0.477,False
43,F3B38_RS07120,MNWPLELEVAHKLAQMRGWLEDQRAGAVRLRGVDWFAWATAGASNSHCHTTECGCAEVLVTRDAAYILTDEAEAMRMREEEVRGPWTWQVSPWMQPQLYELREHFVQHAAGGAPVLSDRPGLHERSLPVALREERLVLLESEQLRYRQVGLLAAGAAADALRQARPDWSELELAAACARALWLRGLQAVYVLASGGERQHRYRRAPPAQAVLGKQAVLALCARRFGLCASLSRQRRFGPAQHRADGAAVVMDDADAAMLALEAVALDACETGHALSMVYHALDSAYAYAGQPDTVRTSRQGGINGYLAPEVAAGAHTEIILKRGMALAFHPSLPGSTVEDTFLLDGSHLHNLTHDPAWPSAVVQGRSRPLTLALA,0.573,0.426,0.422,False
44,F3B38_RS07125,MRSKTTLLLTGLTCALLAACQSTDKTSLARSNSGETYAAPAGTTPPSSTASATSSTATDTGNAMSSDMRNDANQSTLNISYATVQSIETVPRSMDQGSADMQAGTSGTAGSTSGAAGNMLYRVTLRLDDGTTRTFVQNTQPAFQIGERVSVQKGVMQRY,0.398,0.91,0.582,True
45,F3B38_RS07130,MSSGPTEKLIDELVLAVGGTARDARARHVLAQALHGLVRLARSEQLLDMQRDAARAMGGGSRREARALMRRLGTRSARGQGQLRLELQDSEADRA,0.224,0.15,0.273,False
46,F3B38_RS07135,MLELCFADRHERLRYRTALLLYVLVILIGDIPGVRADVGQYASGGVLHSFGYGVLALILFSGTGGGMARRALLSVLMVAAMGALDEFFQSFLPYRHGAVSDWVVDITAAVAVCLPLYFLWPKMVAAALGKGVPRPEA,0.041,0.024,0.164,False
47,F3B38_RS07140,MKLVNKTAIVTGATQGIGLACATRLIAEGAQVMLVDIKEEGAQAAAALGPQARFFCADVSQKADVDALLKETLAQFGHIDILVNNAGVTHAADFLDVCEDDFDRVMRINLKSMFLCGQAVAREMVKRNTGCIINMSSVNAELAIPNQVPYVVSKGAINQLTKVMALNLASHGVRVNGIGPGTILTELAKQAVLSSPEARHTILSRTPLGRCGEPEEVAGIAAFLASDDATYMTGQTIYVDGGRMALNYTVAVKE,0.007,0.019,0.004,False
48,F3B38_RS07145,MTKQLTFGQRCGRALKHLRGTPATARQAFPERTLKAIETAIANGEAMHQAEVRLIVEAALTPGMAYQGVSNRERARELFAQYGVWDTEDNVGVLIYINLAEHQVDIVADRNVGRRVTPEQWQAVCRTMTKGFKDGNYHDSTLDALQQLNTLLQSHFPADGTRGNQLPNEPILL,0.5,0.337,0.184,False
49,F3B38_RS07150,MKAWSYLAALATALLLWTMPPAGAQGLQPVPPLAARVTDDAGMLDAKQKAALEGVLADYEAKTGSQIAVLLVKSTEPEAIEQYSIRVTDAWKLGRKGVDDGVLLMVAKDNPSSLRRLRIEAGRGVQGVLTDAQSKRILQDVIAPHFKQNDYYGGLVAGVGSIATLLNQEQFPAPAQQKAPATVEAGGMTFWLPLLFFGFLVVLTLFRSRGGPTRLQRGSNWSSGATGVVLGSILSQALNNRGGGGGFGGGGGFGGGGGGGGFGGGGGGFDGGGASGDW,0.853,0.735,0.715,False
50,F3B38_RS07155,MQITNQFTKWLRLALSVTVLAGVLTGCGYNDFQSKDEATKAAWGEVVNQYQRRADLIPNLVNTVKGYATHERETLEAVTKARAAATSFQITPEVLNDPAAFEKFQQVQGQLSSALSRLMVVSEKYPDLKADTSFRDLQSQLEGTENRITVARQRYIVAVQDYNVHARSFPNNLTAMVFGYKVKPSFTVENEKAISTAPTVNFGK,0.368,0.551,0.303,False
51,F3B38_RS07160,MNFINKLSAAWTANNSLLCVGLDPDLAKLPAELRDLPDGITTFCTRIIDATADLACAFKPQIAYFGALGAEKQLEDICRYVRENYPHIPLILDAKRGDIGATATQYAREAFERYGADAVTVNPYMGEDSLDPYLAWQDRGVIILCRTSNPGGSDLQFLDTDGVPLYQRVARLVADKWNKNGQCALVVGATFPEELAQVRAIVGDMPLLVPGIGAQGGDIAATVGAGQTANGMGMMISSSRAIIYATPQAGEDYADAARRVAIETRDAINAHRSV,0.18,0.362,0.152,False
52,F3B38_RS07165,MTNQTFLWHDYETFGAQPRRDRPAQFAAIRTDADLNEIGEPIMLYCQPANDFLPDPQSCLITGITPQQCLQLGVPEHQFAATVEAAFSEPGTIGVGYNTIRFDDEVTRFLFWRNLIDPYAREWKNHCGRWDILDVVRMTHALRPEGIEWPKRDDGQTSFRLEHLSKANGLTHEAAHDALSDVRATIALARLIKEKQPKLFEFCLALHKKDRVASEMGMHLAASERQPFLHVSGMFPAERGCLGVVWPLATHPSNKNEILVWDCAYDPRELFALDADTIRTRLFTRKDAMPEGMTRLPVKSVHLNKSPMLVGNLKTLSPAMAAQWGIDLDAAKVNAQLAATAPNMDAIWAEVFQRPGANVALDVDEDLYNGFVSNDDRRLLESLRRDTPAKLATARPSFADERLQELLFRYRARNFPQTLSEAESLRWEQHRAARLFDGDGGARTIEMLFTEIDVLSESVDERGEEILGELYDYVEMVAPMRD,0.167,0.171,0.189,False
53,F3B38_RS07170,MTSVSTGVAGKDDKVQQKDGVNTEMSVNDRTKLQLNASIMQASLSVSIGSENEPLALLYKTAITNINEALKGQYGEDAIQNAASQDNSAEATASRIVSLSTGFFDAFKKQNPGMDDDTALSKFMDTISGGMEKGFKEARDILGGLKVLNGDIAGNIDKTYELVQKGYADFIAAHSSKKDDAAKPADSKAA,0.595,0.711,0.468,True
54,F3B38_RS07175,MEQIGNFGASGCNIGDLQLFRDGADSQTAAMLAPCPVMRLEAGEAIADTQGASLYIVLRGSLAVAADTHTGMDDGTVSKVLPGESVGEQSVLDEASNLAAISALEETDLLVIDAAIVWELIEQSNGLARNLLRLLSFRIRAANALLRRRQKLGEFYRQLSMVDSLTGLYNRAWLTDLLPNMIVTAHASGSPLSLVMIDLDHFKRFNDTHGHQAGDQALRIAAQVLGAALRPTDFAVRYGGEEMMVILPDTNEHVALRVAERLCERMQQAVIFADMRSALPHITGSFGVASLAAEQDDHALIAAADAALYRAKAGGRNRVST,0.094,0.118,0.041,False
55,F3B38_RS07180,MQINIHTDSTIANTAGLNEHVQSVLESALNRFRDNLTRIEVHISDTNGPKGGADDIRCVMEARVAGYQPIAVTEQNATVHQSVAGATDKLKRAIDSALGRLQDSKRHATGKNAVIDTAEAEETAE,0.279,0.356,0.236,False
56,F3B38_RS07185,MKITLPFHSFIRSRPHLSMATAIGVAAGLLLPASWQQMTRLLTAWNVAVWFYLATMAWMMMRANHHKVKAMAARQDERAATVLSALSVASVMSLVAIVSQLSSMKDMAPDERALHYGLTILTLVGSWFLVGTLFCFHYAHLYYQADPALRPLKFPDDEQDPDYWDFLYFAFTIAVAVQTSDVSVQTRMMRQIVLGQSVLSFFFNLVVLGLSINIAAGLING,0.051,0.121,0.153,False
57,F3B38_RS07190,MSLASAGNGFSILRHRNFAFYLSARVLGTVAVQMQSVAIGWQVYQITGSLFDLGLIGLAQFAPFLVLILPAGHVADRYNRRNIIAWCLAAQLACALALLAFTLSGLSIVWPVFAVLVLFGSARAFMMPATQAVLVNMVPTQHFSRAVALSSSSSHVAIILGPTLGGLLYYFGPKVVYLISSALLVVSVLLMRATTPAPQVVKREPVSWHTLLEGLRFVWSKPIVLGAISLDLFAVLFGGATALLPALAHDVLHIGPSGLGLLRTAPGAGAALCSIALAIFPITRRVGAWMFGGVAVFGLGTLVLGSTSYFPLALAALFLMGAGDMVSVYIRHLLVQFETPDEIRGRVSAVNAVFIGASNELGEFESGLTAGWFGLVRAVLFGGAATLAVTGIWAVMFPVLSRMDRFPHHEKETAARTASTASA,0.064,0.015,0.027,False
58,F3B38_RS07195,MTFQVTVQPSGHQFSCEADETVLAAAIRAGVGLPYGCKNGACGSCKGKVVSGTVQHKAHQQRALTPEEEAAGFSLFCCATTNADLVIEAREVAGSSDYPIKKMPSRVTTIEKVAPDVVVLTLQLPASERLNYRAGQYIEILLRDNKRRSYSMASAPADGGPMTLHIRHLPGGLFTDQVFGTMKERDILRFEGPMGTFFLREDSDKPVVLLASGTGFAPLKAIVEHMINEQSTRPITLYWGGRRPHDLYMDALCRQWAADLPQFTYVPVVSDALPEDAWQGRTGFVHQAVIADLPDMSAYQVYACGAPVMVDAAHRDFVQLCQLPADEFYADAFTTEADLAK,0.439,0.365,0.102,False
59,F3B38_RS07200,MKNMLMHSLRKPSGLPRLLILGCGDVGMRLLPLLRTRFRVFAVTSQPARCAQLRAAGAVPIVANLDERASLKRLAGLATMIVHLAPPRSSGLLDRRTRNLAAILPEHARMVYVSTSGVYGDCGGAWVDETRPTAPANARAKRRVDAEQVLRGWGVRRRASVAILRVPGIYADDRLPLKRLREGTPALAADDDVYTNHIHADDLARIIERALWRGKPGRVYHASDDSELKMAEYFDAVADTFGLPRPPRLPRAELQQVVTPMLLSFMSESRRLHNTRIKRELGVRLRYARVADALRPLSADGAGIG,0.081,0.136,0.131,False
60,F3B38_RS07205,MSTLTYEEYLDEVTTVLTELYDLDDDAAIKLVVAAQDAEFFVPHDAHEEMRTAEQAKKDAVTLFERKQNRQQTQEKQQQRVRQQKK,0.234,0.181,0.342,False
61,F3B38_RS07210,MRATSHPSKEQVRAYMRRRERALQPPPPPDEIRRQLAWCRVDAIPGTCPLATPAGVAAQGWHLSAEMARLSTLMAIAWLMHSGVAHRKN,0.239,0.223,0.306,False
62,F3B38_RS07215,MSLKQITSLPTYNPNRVLDAIIDKLQLKNDAALSRALEVAPPVISKIRHNTLPIGATILIRMHEISDFSIRELRELMAA,0.016,0.074,0.264,False
63,F3B38_RS07220,MDTNDSFKAIADLNLDAIKVKLMHRESGEGWSLEKANAVEFEYRRFLILMKQFPQEETAPLMDVDTFWHYHILDTLKYAADCEQVFGYFLHHFPYIGLRGEDDEAAHHRVGERMKQLYEQTFGEDYLRAETAYSGRAVQAAFSSAAVQATAFSSAAVQATAYSGRAVQTAFSSAAVQATAYSGRAVQTAFSSAAVQATAYSGRATGAAQTAFSSAPGKVAAALVESSPTGLETGRFYTDRPTLSPDTQ,0.869,0.44,0.739,True
64,F3B38_RS07225,MVGLLFYMAASLSIESDASEEFNNLAHNTQKNIESRTKSYANLLRGTASLFQANEHVSREQFHRYVANIALQQNYPGVMNLNYSQELDETQRAAYEAAIRRDYPPGRDGYPAFAIHPPGPRAQYSVLVYIEPIASAPEKYGHDIASRPQIAEALAESRDSGRISNSGVPVPMDGRPQLTGMAMRLPVYRFGMPVDTVEQRRAAYQGSVGIGYDLVTMMRSALADMPVRNVRLTLFDIGPQALQQREVPLQLPHDMRPIFDSTAAGMHAPWWQLGSSGRYLSSTLLIEHNGRAWQALFSVRKSDLYSRFDAFLPWLALLIGFASTMLLYVLFHTLASSRRRAIQMATGMTEELRASQIRLQLSHQKLRRLAAHADQIKEEERKRIAREIHDDLGQNLLVLRIDADMLASRTQRRHPRLNARARSTLEQIDATIKSVRQIINDLRPTVLDLGVNAAVEWQVAQFRQRTGIACEVSESHDDICLSDQCATALFRILQESLSNISQHANASRVQVKLEKCRDTVSMSISDNGVGAAIDGRNKLGSFGLVGIEERIKLLGGTFYIESSPGAGMSVHVSVPLGADATAFPYQEESRASS,0.498,0.491,0.612,False
65,F3B38_RS07230,MSNDKPNTAAPALAPNFLRNIIEADLAAGAHVRPGLPQVITRFPPEPNGYLHVGHAKSICVNFGLARDYAGQCNLRFDDTNPAKEEQEYVDTIMDSVKWLGFDWEPKHADGQSHLHYASDYFDQLYAMAEYLITAGFAYVDSQSAEDMATNRGNFGQAGKNSPFRDRPRDESLALFRAMKAGEFKDGEHILRAKMSEDAMSSPNMNLRDPAIYRIRHAHHHRTGDAWCIYPMYDYTHPISDALENITHSICTLEFQDHRPFYDWLLETLSAGGFFAKPVPHQFEFSRLNLTYIVTSKRKLRQLVEEKIVDGWDDPRMPTLVGMRRRGYTPEAVQLMCERTGVTKSDGWIDYSVLEGCLREDLDPKAPRTVAVLRPLKLIIDNFPENESVECTAPVHPHFPERGLRTFPISRELWIEEDDFMEVPNKGYFRLYPPIDDKPGSKVRLRYGYVIECTGFDKDADGKVIAVHCTYFPDSKSGTEGSANYKVKGNMHWVSAPTAIPAEVRLYDRLFTDPQPDAGGKDFKLALNPLAKEVVQAWLEPGAELAQPEQRFQFERHGYFAADRVDSQPGKPVFNRIVTLKDSWQPAK,0.802,0.816,0.583,True
66,F3B38_RS07235,MENLYNVLGVAPNASDDEIKKVYRSLAMRFHPDRNQAPGAEARFKSVTKAYEILADPAKRAEYDQSVNHRIIIDPEAEAYALWCGVFRLHGTVLPAD,0.212,0.105,0.461,False
67,F3B38_RS07240,MRRVHPEFAYQSRELEGQIEGILGDPPNRKNYKSMVDALVGEYASGGGIEDVNMLAFALVDHITFSDPKGLLAESEDYEFGDTARVFSMAACAAPEAAKMYAAIEESFPDLARQAIITAFLHKNPRLWDDDDQSLDQLAANDDGDDEHDEDEATDDFAQMFDQDGDDHGR,0.256,0.344,0.27,False
68,F3B38_RS07245,MADNNEQKSNLPALTKQVTELVLSGSLGHAEQAFADAADQYGDLAVVEVLNAIPPQVTALHLAGFDGGKMSLATLLVPPKAWADSLAFIAATWSDDQIEDDPERIAEALFAHIHGVVFSTDDAERRRELLLEASATDWGATAFAILFSMAPKEILEVAGEIVIKGPYVTGVTSSDNDVVPLAIELAQANEDGWDRSLFELFPDFRHSADLADAEYSDDPDEEPTMLQRSTKELLYRLRKQVPSTRSAPRSSTRRSLGTGIFS,0.412,0.517,0.3,False
69,F3B38_RS07250,MLPAIVVENLPRLVRAIKLLPRDPREDAALNLADELTGITAMVAEKFTNERTADGIQKALYLTVGGVSLGLEQAVTHEGDQAALDFLVEHGAEHAFQVGFRLIKDLSQLPEDALVGEYDQDPVYLQRRLRELFIDICQADPNQNWAGYEKYALQLQQRKEVQAVVRLAGWLRRHHDNGPVSDSDLNAEGVIALAIIFAIEGGGRIIARTGQKEFERFVRSVRKNKPDFEEGWAALVAKVPVQHHPVLLDRIDSYRRSCTVVHKILTRASMKSLFEDLENYAGSELDADYS,0.053,0.209,0.128,False
70,F3B38_RS07255,MELRHLRYFVAVAEELHFTRAAERLHIGQPPLSQQIQALEAELGAQLFERNKRSVRLTQAGTLFLDDARRILALSEQAAVTARRAQRGEAGELRIGFTFSTPFTPYFATVINRYRQLFPHVTLTLHEMATLHQLEAISGRTMDLGFVRPPETTYPSDIKLTQLRQDPLFLVLPVAHALAAKKAIAIADMAGEGFVMYPKDAGTGIYPQIFRLCKAAGFVPQVAQEAGEASTIIGLVAAGCGISVLPASFDRIRMDGVCYRPIADPQATTSLLLAQREEETSPLVAAFVKLAEEAALEEKE,0.059,0.066,0.013,False
71,F3B38_RS07260,MSDSSLAFASAATPALAPVAPPAPRSAIAKGTAEFKRSNRALFFGGFSTFSLLYCIQPLFPLLSHQFHLTPAQSSWSLSVSSGLLAISLVLLSAVSDRVGRKPLMVASMFSAAILTILSAFAQDYAQLLAIRAALGIALGGMPAVAMAYLGEEIEGPSLGLSMGLYIAGSAFGGMSGRLVASMLSDFLSWRWALGVLGVAGVLAAAEFWRSLPASKNFVPSTKGWNALPHAIKQHFSDKGLPWLFCLAFVLMGCFVSLYNYIGYRLLAAPFGLRQSTVGLLAFLYLIGIFSSVWAGRLVDRLGRRGVLWIMLSVMLSGILLTLFDSLPLIVIGMALATFGFFASHSIASSWVSRRARAPQALASAFYLLFYYLGSSLIGSASGMMWGFDGWTGVVIMLGLCLGGGVLIALRLRHLQPLGAREAVG,0.257,0.093,0.07,False
72,F3B38_RS07265,MPSMTSLTTLPRRAPGLLLIILLHVGLAYSVLQSRPRAITDEHLPPGPAIAWLRYTLPAPPKPVPVPLPDVKPAAARLPRLPMPAPVSRPLPVPAAEQAPAPAPATPEAITLVAPPSAADILAQAKRDVGKIDRELRKEFPQRGEQKLDDTAFKRMQQGFAEAYAAVPPKWYEASRIEEIGANEAKGSRTYKITSALGTLCVTTRAGKQGETMIGMCPK,0.167,0.336,0.173,False
73,F3B38_RS07270,MMQVKEVARRFGAIEHAIGQAAQLCGKQQGMPMDLKDCINQLDQQKNAVRQAIDTQDDARIRQAVDQMESLGDRAKRACGTATSVTPEMKSAVLKVHDELSDLKHQLH,0.215,0.082,0.247,False
74,F3B38_RS07275,MSQHTARAPRALIAEDEPILAAALAHALQRLWPELDIVATCPNGVEALRQGLALQPDILFLDIKMPGKTGLEAAEELAELWPDGVPFPHIVFVTAYDEYALAAFEHAAADYVLKPVNDARLGKTVERLQQRLRDIGGGNAAAAPANATATAATMAPAAGSASDDNMARLLSQLQAMLPPAPRLQMIRAAVGNSVRMIALADVVYFEALDKYINVVCQDSEALIRTSLKELLPQLDPQQFWQIHRGTIVNASAIATAVRDEAGKLSLTLRQHPAQLRVSPLYAHLFRQM,0.108,0.103,0.041,False
75,F3B38_RS07280,MKTDAPSAAAPAAKAKSPYYRMLHDARYALALNVICALVITFILNPGSHFGQNLVASMCIGTIAFLLIDGMRLTLWGADQRPKFLPFMLIILISVPVAQVLGLTLFSWLTGVDVGGFENLLPTQMVSTLVFTLLATGGAVLFFSSREKITRLQMAAAQEKARAESVARQAMQAQLQLLQAQIEPHMLFNTLANLQGLISFDPDRAQLLLDQLIQYLRATLSSSRAESTTLEQEFSLMQAYLGLMSIRMGARLSFALDLPEALRQIKVPPMLLQPLVENAIQHGLEPKIEGGHIHVQASTDAGVLILTVSDDGLGLDHPGQTKGTHLGVENIRERLRGMHGDAASLSLAANHPAGATARLTFPLPPTITSPLA,0.07,0.038,0.031,False
76,F3B38_RS07285,MWPYPRTLAHRGGGTLAPENTLAALRCGLAYGYHAVEFDVMLASDGVPVVVHDPELGRTVAGSGHISDYTAAQLGAMEAGAWFGAAFAGDGVPTFEAVVAYCKAQRIWMNIEIKPAPGFDVATGETVARATRGYFAQEIAAGELLPLLSSFSIEALQAAREAAPELARGWLVEQIPDGWERQARELGVVALHCDHQQLTPELAREVKEAGYGLFCYTVNTPERASELLAWGVDGFCTDRIDLIKA,0.234,0.375,0.081,False
77,F3B38_RS07290,MSVRPHQPTPLALAIMLAFAAPASALAQQAATLPAVTVSASALALGSDDMSTPVTVLEGEALVRAREATLGETLAGQPGITSSHFGAGASRPIIRGMDGPRVKVLSDGAEVQDASTISPDHAVAAEPMLSEQIEVLRGPSALAYGGGAVGGVVNVIDKKIPTRVPAKGFEGSAEVRANSAAREKAGAFEVTGGSGNIAFHAEGVKRDAKEYKVGSGWEGGSKVAGSYNKTDTGSVGVSWVGSRGFLGLAFTSQHAEYGLPGHNHEFESCHPHGTHLHCGGHEGHDHGDEEEHDHDHGHESVPYVKLKSERWDVRGELRDPVPGFAKLRLRAAFTDYKHDEIEGTEIATTFKNKGHDARLEMEHHPVFGWRGVVGLQTSKRDFSALGEEAYVAPTVTKKHAAFLVEEYKLDQWRFEAGLRHEWQDITVDSATLQDRSAKGTSISLGAVWKFAPQYSLGSTISRTHRLPSAEELYAHGVHMATATYELGNENLGKETSNNIDLTLRKYAGATTFSASAYRNKVDNYIFGSTLDNHEGFQLIQYAQRDATFTGVEGQIRQQLNPMFGASVFGDYVRAKLANDGGNLPRIPAQRVGVKFDANWQAWSGVAEFYRVGKQDKVAAFETATPGYNMLNLSANYDTRIGTTPAQFYIKANNLTNELAYSHTSFIKNAAPLMGRNVTVGMRVTF,0.972,0.971,0.942,True
78,F3B38_RS07295,MERTTRQKTAIQAAIESAQRPLSAQEILEQASLQVTQLGIATVYRNLKSLVLEEKVHVVTLPGENPRYESNTVANHHHHHFQCTTCQRVFDVHDCPGDLKRMAPQGFVVERHELTLYGRCADCNAAAGATGSAAKGAAAGAKAAPAPHACASHHDPA,0.431,0.509,0.344,False
79,F3B38_RS07300,MKSTEIRDKFLKFFESKGHSIVRSSSLVPGNDPTLLLTNSGMVQFKDVFTGTDSRPYTRATSVQRCVRAGGKHNDLENVGYTARHHTFFEMLGNFSFGDYFKRDAIQYAWELLTKVYGLPADKLTVTVYIEDDEAYDIWAKEIGVPTERIIRIGDNKGARYASDNFWQMADTGPCGPCTEIFYDHGADIPGGPPGSPDEDGDRFIEIWNLVFMQFNRDEAGVMHKLPKPCVDTGMGMERLAAVLQHVHSNYEIDLFQHLIKAAARETGATDLENKSLRVIADHIRAAAFMIVDGIIPGSEGRAYVLRRIIRRALRHGHKLGQTKPFFYKLVADLAIEMGGAYPELEEAKDNVASMLKAEEERFGETLETGMKVLEAQLAKDATGIDGATAFTLYETYGFPPDLTADICRERNITFDQAGYDAALKESQELSRKGGKTHKDSKVEYTGEKNTFVGYDQLTFSSKVVALYAAGTQVTELKAGQDGIVVLDTTPFYAESGGQVGDQGVISSGAGSFAVSDTLKIQADVFGHHGVLESGVLKVGDAVSAQVDTAKRARTIRNHSATHLMHKALREVLGSHVAQKGSLVDPDKTRFDFSHNAPMTAEQIAAVETIVNKEILENRATQAHLMSFDDAVKHGAMALFGEKYGDEVRVLDIGSSKELCGGVHVQRTGDIGLFKIIGESGVAAGIRRVEAVTGEGALALVQTINRRLVEAANALKAQPEELTARIGQVQDHVKALEKELAALKSKLASGQGDELVTQAVDVNGIKVLAAVLDGADVARLRETMDKLKDKLKTAAIVLASVADGKVSLIAGVTADATSKVKAGELVNFVAQQVGGKGGGRPDMAQAGGTDPSGLANALAGVPAWVGERVK,0.16,0.406,0.28,False
